ID,Name,Surname,PhoneNumber,email
1,Igor,Duma,79703943099,Kovalenko@mail.ru
2,Inna,Duma,79303067020,Duma@yandex.ru
3,Inna,Duma,79577317842,Mironenko@mail.ru
4,Anna,Shagal,79057376458,Duma@yandex.ru
5,Svetlana,Shagal,79048282650,Shapiro@mail.ru
6,Alex,Sidorenko,79690093676,Moroz@gmail.com
7,Anna,Shagal,79799378372,Sidorenko@mail.ru
8,Inna,Shapiro,79451525540,Shagal@gmail.com
9,Viktor,Duma,79086975724,Shapiro@gmail.com
10,Anna,Sidorenko,79828519591,Shapiro@mail.ru
11,Svetlana,Shapiro,79995382612,Moroz@mail.ru
12,Igor,Duma,79786703398,Shapiro@mail.ru
13,Alex,Duma,79398653810,Kovalenko@gmail.com
14,Anna,Kovalenko,79219470246,Moroz@mail.ru
15,Anton,Duma,79604993030,Shagal@mail.ru
16,Olga,Duma,79195152744,Sidorenko@gmail.com
17,Viktor,Sidorenko,79707509722,Galich@mail.ru
18,Olga,Duma,79232722799,Sidorenko@gmail.com
19,Vasilisa,Kovalenko,79458386288,Sidorenko@yandex.ru
20,Svetlana,Kovalenko,79129623237,Sidorenko@gmail.com
21,Anton,Galich,79638309877,Duma@gmail.com
22,Vasilisa,Moroz,79475451922,Sidorenko@gmail.com
23,Miron,Shapiro,79618098177,Shapiro@yandex.ru
24,Inna,Sidorenko,79978603507,Kovalenko@mail.ru
25,Viktor,Galich,79751544322,Duma@gmail.com
26,Inna,Kovalenko,79445966035,Shapiro@yandex.ru
27,Vasilisa,Sidorenko,79283736724,Kovalenko@yandex.ru
28,Miron,Shapiro,79404722673,Kovalenko@gmail.com
29,Miron,Moroz,79296869242,Sidorenko@gmail.com
30,Anton,Duma,79541029488,Kovalenko@gmail.com
31,Igor,Sidorenko,79481195199,Galich@yandex.ru
32,Alex,Shapiro,79755678116,Shagal@mail.ru
33,Igor,Moroz,79631641227,Moroz@gmail.com
34,Miron,Shagal,79270690148,Duma@yandex.ru
35,Olga,Shapiro,79295369262,Duma@mail.ru
36,Igor,Kovalenko,79784375980,Duma@gmail.com
37,Igor,Sidorenko,79292462498,Duma@gmail.com
38,Anton,Mironenko,79510171543,Shagal@yandex.ru
39,Igor,Moroz,79459364429,Galich@gmail.com
40,Vasilisa,Duma,79145179280,Shagal@yandex.ru
41,Anna,Duma,79667673124,Shapiro@mail.ru
42,Igor,Mironenko,79526425007,Kovalenko@yandex.ru
43,Vasilisa,Shapiro,79579885679,Sidorenko@gmail.com
44,Inna,Duma,79489595978,Moroz@yandex.ru
45,Anna,Galich,79704892195,Mironenko@mail.ru
46,Anton,Duma,79429965148,Moroz@mail.ru
47,Vasilisa,Sidorenko,79555982988,Duma@mail.ru
48,Svetlana,Mironenko,79107375630,Shagal@yandex.ru
49,Anna,Shapiro,79281091274,Shagal@mail.ru
50,Viktor,Duma,79799120744,Mironenko@gmail.com
51,Miron,Duma,79696067960,Shagal@gmail.com
52,Igor,Shagal,79096189474,Shagal@mail.ru
53,Svetlana,Moroz,79255973354,Kovalenko@yandex.ru
54,Alex,Galich,79747243987,Shapiro@mail.ru
55,Vasilisa,Duma,79125201341,Duma@mail.ru
56,Anna,Moroz,79532731640,Shagal@gmail.com
57,Miron,Sidorenko,79308632204,Moroz@gmail.com
58,Svetlana,Shapiro,79381789012,Duma@yandex.ru
59,Vasilisa,Kovalenko,79390191022,Shapiro@yandex.ru
60,Vasilisa,Sidorenko,79464826919,Kovalenko@gmail.com
61,Alex,Galich,79967100473,Galich@gmail.com
62,Igor,Shapiro,79846221004,Mironenko@mail.ru
63,Alex,Sidorenko,79366772023,Duma@yandex.ru
64,Anna,Moroz,79258943727,Shagal@mail.ru
65,Svetlana,Moroz,79578207665,Duma@mail.ru
66,Anton,Galich,79117400440,Duma@yandex.ru
67,Anna,Shagal,79039166043,Mironenko@yandex.ru
68,Miron,Duma,79204020581,Duma@mail.ru
69,Vasilisa,Shapiro,79584927573,Kovalenko@mail.ru
70,Olga,Galich,79981693125,Mironenko@mail.ru
71,Igor,Kovalenko,79906864612,Mironenko@yandex.ru
72,Anna,Sidorenko,79159237576,Shapiro@yandex.ru
73,Vasilisa,Sidorenko,79762773325,Kovalenko@gmail.com
74,Miron,Galich,79089574985,Kovalenko@yandex.ru
75,Vasilisa,Shagal,79274818327,Mironenko@mail.ru
76,Alex,Mironenko,79718704929,Shagal@gmail.com
77,Vasilisa,Kovalenko,79631843905,Galich@mail.ru
78,Igor,Sidorenko,79846966180,Mironenko@mail.ru
79,Igor,Sidorenko,79652493780,Shapiro@yandex.ru
80,Inna,Sidorenko,79238825072,Shapiro@mail.ru
81,Olga,Moroz,79765455794,Galich@yandex.ru
82,Miron,Sidorenko,79287973851,Kovalenko@mail.ru
83,Inna,Sidorenko,79344634240,Shagal@yandex.ru
84,Svetlana,Mironenko,79310935074,Sidorenko@gmail.com
85,Viktor,Shapiro,79098303146,Moroz@gmail.com
86,Inna,Duma,79517935521,Sidorenko@mail.ru
87,Anna,Shagal,79074242105,Duma@mail.ru
88,Anton,Shagal,79131629618,Duma@gmail.com
89,Anna,Duma,79235761922,Duma@mail.ru
90,Inna,Shapiro,79661547795,Shapiro@gmail.com
91,Inna,Mironenko,79201194709,Shagal@gmail.com
92,Viktor,Galich,79222269442,Mironenko@mail.ru
93,Anna,Moroz,79231623417,Galich@yandex.ru
94,Anton,Moroz,79232332072,Kovalenko@gmail.com
95,Vasilisa,Shagal,79020673910,Galich@gmail.com
96,Miron,Mironenko,79966750936,Galich@gmail.com
97,Igor,Galich,79749526742,Duma@mail.ru
98,Igor,Kovalenko,79832269860,Shagal@mail.ru
99,Viktor,Kovalenko,79684595542,Duma@mail.ru
100,Anna,Duma,79281500274,Shagal@mail.ru
